{
  "apis": {
    "apply_leave": {
      "url": "https://app-api-multichannel-dev-eycnh5fjd7dtdtg2.centralindia-01.azurewebsites.net/api/saveLeaveDetails",
      "method": "POST",
      "headers": {
        "Authorization": "Bearer eyJhbGciOiJIUzI1NiIsInR5cCI6IkpXVCJ9.eyJpc3MiOiJodHRwczovL2FwcC1hZG1pbi1wb3J0YWwtZWR1Y29jby1kZXYuYXp1cmV3ZWJzaXRlcy5uZXQvIiwibmJmIjoiMTczNzk4NjUzNCIsImlhdCI6IjE3Mzc5ODY1MzQiLCJqdGkiOiI1OGJlYjUwMy03MGVhLTRkNzUtYjQ1ZS0yN2U4ZTdhODdjYzIifQ.nhbLcfwHvOj1kHZ7_M4n_OnUi7Z02tFCikYF1qfMzIo",
        "Content-Type": "application/json"
      }
    },
    "apply_air_ticket_claim_request": {
      "url": "https://app-api-multichannel-dev-eycnh5fjd7dtdtg2.centralindia-01.azurewebsites.net/api/saveAirTicketClaimRequest",
      "method": "POST",
      "headers": {
        "Authorization": "Bearer eyJhbGciOiJIUzI1NiIsInR5cCI6IkpXVCJ9.eyJpc3MiOiJodHRwczovL2FwcC1hZG1pbi1wb3J0YWwtZWR1Y29jby1kZXYuYXp1cmV3ZWJzaXRlcy5uZXQvIiwibmJmIjoiMTczNzk4NjUzNCIsImlhdCI6IjE3Mzc5ODY1MzQiLCJqdGkiOiI1OGJlYjUwMy03MGVhLTRkNzUtYjQ1ZS0yN2U4ZTdhODdjYzIifQ.nhbLcfwHvOj1kHZ7_M4n_OnUi7Z02tFCikYF1qfMzIo",
        "Content-Type": "application/json"
      }
    },
    "request_embassy_letter": {
      "url": "https://app-api-multichannel-dev-eycnh5fjd7dtdtg2.centralindia-01.azurewebsites.net/api/saveEmbassyRequest",
      "method": "POST",
      "headers": {
        "Authorization": "Bearer eyJhbGciOiJIUzI1NiIsInR5cCI6IkpXVCJ9.eyJpc3MiOiJodHRwczovL2FwcC1hZG1pbi1wb3J0YWwtZWR1Y29jby1kZXYuYXp1cmV3ZWJzaXRlcy5uZXQvIiwibmJmIjoiMTczNzk4NjUzNCIsImlhdCI6IjE3Mzc5ODY1MzQiLCJqdGkiOiI1OGJlYjUwMy03MGVhLTRkNzUtYjQ1ZS0yN2U4ZTdhODdjYzIifQ.nhbLcfwHvOj1kHZ7_M4n_OnUi7Z02tFCikYF1qfMzIo",
        "Content-Type": "application/json"
      }
    },
    "update_emirates_id": {
      "url": "https://app-api-multichannel-dev-eycnh5fjd7dtdtg2.centralindia-01.azurewebsites.net/api/saveUserIdentification",
      "method": "POST",
      "headers": {
        "Authorization": "Bearer eyJhbGciOiJIUzI1NiIsInR5cCI6IkpXVCJ9.eyJpc3MiOiJodHRwczovL2FwcC1hZG1pbi1wb3J0YWwtZWR1Y29jby1kZXYuYXp1cmV3ZWJzaXRlcy5uZXQvIiwibmJmIjoiMTczNzk4NjUzNCIsImlhdCI6IjE3Mzc5ODY1MzQiLCJqdGkiOiI1OGJlYjUwMy03MGVhLTRkNzUtYjQ1ZS0yN2U4ZTdhODdjYzIifQ.nhbLcfwHvOj1kHZ7_M4n_OnUi7Z02tFCikYF1qfMzIo",
        "Content-Type": "application/json"
      }
    },
    "request_salary_certificate": {
      "url": "https://app-api-multichannel-dev-eycnh5fjd7dtdtg2.centralindia-01.azurewebsites.net/api/saveSalaryCertificate",
      "method": "POST",
      "headers": {
        "Authorization": "Bearer eyJhbGciOiJIUzI1NiIsInR5cCI6IkpXVCJ9.eyJpc3MiOiJodHRwczovL2FwcC1hZG1pbi1wb3J0YWwtZWR1Y29jby1kZXYuYXp1cmV3ZWJzaXRlcy5uZXQvIiwibmJmIjoiMTczNzk4NjUzNCIsImlhdCI6IjE3Mzc5ODY1MzQiLCJqdGkiOiI1OGJlYjUwMy03MGVhLTRkNzUtYjQ1ZS0yN2U4ZTdhODdjYzIifQ.nhbLcfwHvOj1kHZ7_M4n_OnUi7Z02tFCikYF1qfMzIo",
        "Content-Type": "application/json"
      }
    },
    "request_time_off_in_lieu": {
      "url": "https://app-api-multichannel-dev-eycnh5fjd7dtdtg2.centralindia-01.azurewebsites.net/api/saveTimeOfLieu",
      "method": "POST",
      "headers": {
        "Authorization": "Bearer eyJhbGciOiJIUzI1NiIsInR5cCI6IkpXVCJ9.eyJpc3MiOiJodHRwczovL2FwcC1hZG1pbi1wb3J0YWwtZWR1Y29jby1kZXYuYXp1cmV3ZWJzaXRlcy5uZXQvIiwibmJmIjoiMTczNzk4NjUzNCIsImlhdCI6IjE3Mzc5ODY1MzQiLCJqdGkiOiI1OGJlYjUwMy03MGVhLTRkNzUtYjQ1ZS0yN2U4ZTdhODdjYzIifQ.nhbLcfwHvOj1kHZ7_M4n_OnUi7Z02tFCikYF1qfMzIo",
        "Content-Type": "application/json"
      }
    },
    "apply_education_allowance_claim": {
      "url": "https://app-api-multichannel-dev-eycnh5fjd7dtdtg2.centralindia-01.azurewebsites.net//api/saveEducationAllowanceClaim",
      "method": "POST",
      "headers": {
        "Authorization": "Bearer eyJhbGciOiJIUzI1NiIsInR5cCI6IkpXVCJ9.eyJpc3MiOiJodHRwczovL2FwcC1hZG1pbi1wb3J0YWwtZWR1Y29jby1kZXYuYXp1cmV3ZWJzaXRlcy5uZXQvIiwibmJmIjoiMTczNzk4NjUzNCIsImlhdCI6IjE3Mzc5ODY1MzQiLCJqdGkiOiI1OGJlYjUwMy03MGVhLTRkNzUtYjQ1ZS0yN2U4ZTdhODdjYzIifQ.nhbLcfwHvOj1kHZ7_M4n_OnUi7Z02tFCikYF1qfMzIo",
        "Content-Type": "application/json"
      }
    },
    "get_academic_status": {
      "url": "https://app-api-multichannel-dev-eycnh5fjd7dtdtg2.centralindia-01.azurewebsites.net/api/getAcedemicDetails/{user_id}",
      "method": "GET",
      "headers": {
        "Authorization": "Bearer eyJhbGciOiJIUzI1NiIsInR5cCI6IkpXVCJ9.eyJpc3MiOiJodHRwczovL2FwcC1hZG1pbi1wb3J0YWwtZWR1Y29jby1kZXYuYXp1cmV3ZWJzaXRlcy5uZXQvIiwibmJmIjoiMTczNzk4NjUzNCIsImlhdCI6IjE3Mzc5ODY1MzQiLCJqdGkiOiI1OGJlYjUwMy03MGVhLTRkNzUtYjQ1ZS0yN2U4ZTdhODdjYzIifQ.nhbLcfwHvOj1kHZ7_M4n_OnUi7Z02tFCikYF1qfMzIo"
      }
    },

    "air_ticket_status": {
      "url": "https://app-api-multichannel-dev-eycnh5fjd7dtdtg2.centralindia-01.azurewebsites.net/api/getAirTicketStatus/{user_id}",
      "method": "GET",
      "headers": {
        "Authorization": "Bearer eyJhbGciOiJIUzI1NiIsInR5cCI6IkpXVCJ9.eyJpc3MiOiJodHRwczovL2FwcC1hZG1pbi1wb3J0YWwtZWR1Y29jby1kZXYuYXp1cmV3ZWJzaXRlcy5uZXQvIiwibmJmIjoiMTczNzk4NjUzNCIsImlhdCI6IjE3Mzc5ODY1MzQiLCJqdGkiOiI1OGJlYjUwMy03MGVhLTRkNzUtYjQ1ZS0yN2U4ZTdhODdjYzIifQ.nhbLcfwHvOj1kHZ7_M4n_OnUi7Z02tFCikYF1qfMzIo"
      }
    },
    "leave_status": {
      "url": "https://app-api-multichannel-dev-eycnh5fjd7dtdtg2.centralindia-01.azurewebsites.net/api/getLeaveStatus/{user_id}",
      "method": "GET",
      "headers": {
        "Authorization": "Bearer eyJhbGciOiJIUzI1NiIsInR5cCI6IkpXVCJ9.eyJpc3MiOiJodHRwczovL2FwcC1hZG1pbi1wb3J0YWwtZWR1Y29jby1kZXYuYXp1cmV3ZWJzaXRlcy5uZXQvIiwibmJmIjoiMTczNzk4NjUzNCIsImlhdCI6IjE3Mzc5ODY1MzQiLCJqdGkiOiI1OGJlYjUwMy03MGVhLTRkNzUtYjQ1ZS0yN2U4ZTdhODdjYzIifQ.nhbLcfwHvOj1kHZ7_M4n_OnUi7Z02tFCikYF1qfMzIo"
      }
    },
    "letter_status": {
      "url": "https://app-api-multichannel-dev-eycnh5fjd7dtdtg2.centralindia-01.azurewebsites.net/api/getLetterStatus/{user_id}",
      "method": "GET",
      "headers": {
        "Authorization": "Bearer eyJhbGciOiJIUzI1NiIsInR5cCI6IkpXVCJ9.eyJpc3MiOiJodHRwczovL2FwcC1hZG1pbi1wb3J0YWwtZWR1Y29jby1kZXYuYXp1cmV3ZWJzaXRlcy5uZXQvIiwibmJmIjoiMTczNzk4NjUzNCIsImlhdCI6IjE3Mzc5ODY1MzQiLCJqdGkiOiI1OGJlYjUwMy03MGVhLTRkNzUtYjQ1ZS0yN2U4ZTdhODdjYzIifQ.nhbLcfwHvOj1kHZ7_M4n_OnUi7Z02tFCikYF1qfMzIo"
      }
    },
    "salary_status": {
      "url": "https://app-api-multichannel-dev-eycnh5fjd7dtdtg2.centralindia-01.azurewebsites.net/api/getSalaryStatus/{user_id}",
      "method": "GET",
      "headers": {
        "Authorization": "Bearer eyJhbGciOiJIUzI1NiIsInR5cCI6IkpXVCJ9.eyJpc3MiOiJodHRwczovL2FwcC1hZG1pbi1wb3J0YWwtZWR1Y29jby1kZXYuYXp1cmV3ZWJzaXRlcy5uZXQvIiwibmJmIjoiMTczNzk4NjUzNCIsImlhdCI6IjE3Mzc5ODY1MzQiLCJqdGkiOiI1OGJlYjUwMy03MGVhLTRkNzUtYjQ1ZS0yN2U4ZTdhODdjYzIifQ.nhbLcfwHvOj1kHZ7_M4n_OnUi7Z02tFCikYF1qfMzIo"
      }
    },
    "time_off_in_lieu_status": {
      "url": "https://app-api-multichannel-dev-eycnh5fjd7dtdtg2.centralindia-01.azurewebsites.net/api/getTimeOfLieuStatus/{user_id}",
      "method": "GET",
      "headers": {
        "Authorization": "Bearer eyJhbGciOiJIUzI1NiIsInR5cCI6IkpXVCJ9.eyJpc3MiOiJodHRwczovL2FwcC1hZG1pbi1wb3J0YWwtZWR1Y29jby1kZXYuYXp1cmV3ZWJzaXRlcy5uZXQvIiwibmJmIjoiMTczNzk4NjUzNCIsImlhdCI6IjE3Mzc5ODY1MzQiLCJqdGkiOiI1OGJlYjUwMy03MGVhLTRkNzUtYjQ1ZS0yN2U4ZTdhODdjYzIifQ.nhbLcfwHvOj1kHZ7_M4n_OnUi7Z02tFCikYF1qfMzIo"
      }
    },
    "identification_status": {
      "url": "https://app-api-multichannel-dev-eycnh5fjd7dtdtg2.centralindia-01.azurewebsites.net/api/getIdentificationStatus/{user_id}",
      "method": "GET",
      "headers": {
        "Authorization": "Bearer eyJhbGciOiJIUzI1NiIsInR5cCI6IkpXVCJ9.eyJpc3MiOiJodHRwczovL2FwcC1hZG1pbi1wb3J0YWwtZWR1Y29jby1kZXYuYXp1cmV3ZWJzaXRlcy5uZXQvIiwibmJmIjoiMTczNzk4NjUzNCIsImlhdCI6IjE3Mzc5ODY1MzQiLCJqdGkiOiI1OGJlYjUwMy03MGVhLTRkNzUtYjQ1ZS0yN2U4ZTdhODdjYzIifQ.nhbLcfwHvOj1kHZ7_M4n_OnUi7Z02tFCikYF1qfMzIo"
      }
    },
    "dynamic_enums": {
      "leave_types": {
        "url": "https://app-api-multichannel-dev-eycnh5fjd7dtdtg2.centralindia-01.azurewebsites.net/api/getLeaveTypes",
        "method": "GET",
        "headers": {
          "Authorization": "Bearer eyJhbGciOiJIUzI1NiIsInR5cCI6IkpXVCJ9.eyJpc3MiOiJodHRwczovL2FwcC1hZG1pbi1wb3J0YWwtZWR1Y29jby1kZXYuYXp1cmV3ZWJzaXRlcy5uZXQvIiwibmJmIjoiMTczNzk4NjUzNCIsImlhdCI6IjE3Mzc5ODY1MzQiLCJqdGkiOiI1OGJlYjUwMy03MGVhLTRkNzUtYjQ1ZS0yN2U4ZTdhODdjYzIifQ.nhbLcfwHvOj1kHZ7_M4n_OnUi7Z02tFCikYF1qfMzIo"
        },
        "response_key": "leaveName",
        "ttl": 5
      },
      "dependents": {
        "url": "https://app-api-multichannel-dev-eycnh5fjd7dtdtg2.centralindia-01.azurewebsites.net/api/getDependents/{user_id}",
        "method": "GET",
        "headers": {
          "Authorization": "Bearer eyJhbGciOiJIUzI1NiIsInR5cCI6IkpXVCJ9.eyJpc3MiOiJodHRwczovL2FwcC1hZG1pbi1wb3J0YWwtZWR1Y29jby1kZXYuYXp1cmV3ZWJzaXRlcy5uZXQvIiwibmJmIjoiMTczNzk4NjUzNCIsImlhdCI6IjE3Mzc5ODY1MzQiLCJqdGkiOiI1OGJlYjUwMy03MGVhLTRkNzUtYjQ1ZS0yN2U4ZTdhODdjYzIifQ.nhbLcfwHvOj1kHZ7_M4n_OnUi7Z02tFCikYF1qfMzIo"
        },
        "response_key": "name",
        "ttl": 3600
      }
    }
  }
}