{
  "apis": {
    "apply_leave": {
      "url": "https://app-api-multichannel-dev-eycnh5fjd7dtdtg2.centralindia-01.azurewebsites.net/api/saveLeaveDetails",
      "method": "POST",
      "headers": {
        "Authorization": "Bearer eyJhbGciOiJIUzI1NiIsInR5cCI6IkpXVCJ9.eyJpc3MiOiJodHRwczovL2FwcC1hZG1pbi1wb3J0YWwtZWR1Y29jby1kZXYuYXp1cmV3ZWJzaXRlcy5uZXQvIiwibmJmIjoiMTczNzk4NjUzNCIsImlhdCI6IjE3Mzc5ODY1MzQiLCJqdGkiOiI1OGJlYjUwMy03MGVhLTRkNzUtYjQ1ZS0yN2U4ZTdhODdjYzIifQ.nhbLcfwHvOj1kHZ7_M4n_OnUi7Z02tFCikYF1qfMzIo",
        "Content-Type": "application/json"
      }
    },
    "apply_air_ticket_claim_request": {
      "url": "https://app-api-multichannel-dev-eycnh5fjd7dtdtg2.centralindia-01.azurewebsites.net/api/saveAirTicketClaimRequest",
      "method": "POST",
      "headers": {
        "Authorization": "Bearer eyJhbGciOiJIUzI1NiIsInR5cCI6IkpXVCJ9.eyJpc3MiOiJodHRwczovL2FwcC1hZG1pbi1wb3J0YWwtZWR1Y29jby1kZXYuYXp1cmV3ZWJzaXRlcy5uZXQvIiwibmJmIjoiMTczNzk4NjUzNCIsImlhdCI6IjE3Mzc5ODY1MzQiLCJqdGkiOiI1OGJlYjUwMy03MGVhLTRkNzUtYjQ1ZS0yN2U4ZTdhODdjYzIifQ.nhbLcfwHvOj1kHZ7_M4n_OnUi7Z02tFCikYF1qfMzIo",
        "Content-Type": "application/json"
      }
    },
    "request_embassy_letter": {
      "url": "https://app-api-multichannel-dev-eycnh5fjd7dtdtg2.centralindia-01.azurewebsites.net/api/saveEmbassyRequest",
      "method": "POST",
      "headers": {
        "Authorization": "Bearer eyJhbGciOiJIUzI1NiIsInR5cCI6IkpXVCJ9.eyJpc3MiOiJodHRwczovL2FwcC1hZG1pbi1wb3J0YWwtZWR1Y29jby1kZXYuYXp1cmV3ZWJzaXRlcy5uZXQvIiwibmJmIjoiMTczNzk4NjUzNCIsImlhdCI6IjE3Mzc5ODY1MzQiLCJqdGkiOiI1OGJlYjUwMy03MGVhLTRkNzUtYjQ1ZS0yN2U4ZTdhODdjYzIifQ.nhbLcfwHvOj1kHZ7_M4n_OnUi7Z02tFCikYF1qfMzIo",
        "Content-Type": "application/json"
      }
    },
    "update_emirates_id": {
      "url": "https://app-api-multichannel-dev-eycnh5fjd7dtdtg2.centralindia-01.azurewebsites.net/api/saveUserIdentification",
      "method": "POST",
      "headers": {
        "Authorization": "Bearer eyJhbGciOiJIUzI1NiIsInR5cCI6IkpXVCJ9.eyJpc3MiOiJodHRwczovL2FwcC1hZG1pbi1wb3J0YWwtZWR1Y29jby1kZXYuYXp1cmV3ZWJzaXRlcy5uZXQvIiwibmJmIjoiMTczNzk4NjUzNCIsImlhdCI6IjE3Mzc5ODY1MzQiLCJqdGkiOiI1OGJlYjUwMy03MGVhLTRkNzUtYjQ1ZS0yN2U4ZTdhODdjYzIifQ.nhbLcfwHvOj1kHZ7_M4n_OnUi7Z02tFCikYF1qfMzIo",
        "Content-Type": "application/json"
      }
    },
    "request_salary_certificate": {
      "url": "https://app-api-multichannel-dev-eycnh5fjd7dtdtg2.centralindia-01.azurewebsites.net/api/saveSalaryCertificate",
      "method": "POST",
      "headers": {
        "Authorization": "Bearer eyJhbGciOiJIUzI1NiIsInR5cCI6IkpXVCJ9.eyJpc3MiOiJodHRwczovL2FwcC1hZG1pbi1wb3J0YWwtZWR1Y29jby1kZXYuYXp1cmV3ZWJzaXRlcy5uZXQvIiwibmJmIjoiMTczNzk4NjUzNCIsImlhdCI6IjE3Mzc5ODY1MzQiLCJqdGkiOiI1OGJlYjUwMy03MGVhLTRkNzUtYjQ1ZS0yN2U4ZTdhODdjYzIifQ.nhbLcfwHvOj1kHZ7_M4n_OnUi7Z02tFCikYF1qfMzIo",
        "Content-Type": "application/json"
      }
    }, 
    "request_time_off_in_lieu": {
      "url": "https://app-api-multichannel-dev-eycnh5fjd7dtdtg2.centralindia-01.azurewebsites.net/api/saveTimeOfLieu",
      "method": "POST",
      "headers": {
        "Authorization": "Bearer eyJhbGciOiJIUzI1NiIsInR5cCI6IkpXVCJ9.eyJpc3MiOiJodHRwczovL2FwcC1hZG1pbi1wb3J0YWwtZWR1Y29jby1kZXYuYXp1cmV3ZWJzaXRlcy5uZXQvIiwibmJmIjoiMTczNzk4NjUzNCIsImlhdCI6IjE3Mzc5ODY1MzQiLCJqdGkiOiI1OGJlYjUwMy03MGVhLTRkNzUtYjQ1ZS0yN2U4ZTdhODdjYzIifQ.nhbLcfwHvOj1kHZ7_M4n_OnUi7Z02tFCikYF1qfMzIo",
        "Content-Type": "application/json"
      }
    }, 
    "apply_education_allowance_claim": {
      "url": "https://app-api-multichannel-dev-eycnh5fjd7dtdtg2.centralindia-01.azurewebsites.net//api/saveEducationAllowanceClaim",
      "method": "POST",
      "headers": {
        "Authorization": "Bearer eyJhbGciOiJIUzI1NiIsInR5cCI6IkpXVCJ9.eyJpc3MiOiJodHRwczovL2FwcC1hZG1pbi1wb3J0YWwtZWR1Y29jby1kZXYuYXp1cmV3ZWJzaXRlcy5uZXQvIiwibmJmIjoiMTczNzk4NjUzNCIsImlhdCI6IjE3Mzc5ODY1MzQiLCJqdGkiOiI1OGJlYjUwMy03MGVhLTRkNzUtYjQ1ZS0yN2U4ZTdhODdjYzIifQ.nhbLcfwHvOj1kHZ7_M4n_OnUi7Z02tFCikYF1qfMzIo",
        "Content-Type": "application/json"
      }
    }, 
    "dynamic_enums": {
      "leave_types": {
        "url": "https://app-api-multichannel-dev-eycnh5fjd7dtdtg2.centralindia-01.azurewebsites.net/api/getLeaveTypes",
        "method": "GET",
        "headers": {
          "Authorization": "Bearer eyJhbGciOiJIUzI1NiIsInR5cCI6IkpXVCJ9.eyJpc3MiOiJodHRwczovL2FwcC1hZG1pbi1wb3J0YWwtZWR1Y29jby1kZXYuYXp1cmV3ZWJzaXRlcy5uZXQvIiwibmJmIjoiMTczNzk4NjUzNCIsImlhdCI6IjE3Mzc5ODY1MzQiLCJqdGkiOiI1OGJlYjUwMy03MGVhLTRkNzUtYjQ1ZS0yN2U4ZTdhODdjYzIifQ.nhbLcfwHvOj1kHZ7_M4n_OnUi7Z02tFCikYF1qfMzIo"
        },
        "response_key": "leaveName"
      },
      "dependents": {
        "url": "https://app-api-multichannel-dev-eycnh5fjd7dtdtg2.centralindia-01.azurewebsites.net/api/getDependents/{user_id}",
        "method": "GET",
        "headers": {
          "Authorization": "Bearer eyJhbGciOiJIUzI1NiIsInR5cCI6IkpXVCJ9.eyJpc3MiOiJodHRwczovL2FwcC1hZG1pbi1wb3J0YWwtZWR1Y29jby1kZXYuYXp1cmV3ZWJzaXRlcy5uZXQvIiwibmJmIjoiMTczNzk4NjUzNCIsImlhdCI6IjE3Mzc5ODY1MzQiLCJqdGkiOiI1OGJlYjUwMy03MGVhLTRkNzUtYjQ1ZS0yN2U4ZTdhODdjYzIifQ.nhbLcfwHvOj1kHZ7_M4n_OnUi7Z02tFCikYF1qfMzIo"
        },
        "response_key": "name"
      }
    }
  }
}